Label,X1,X2,Values
1,-1,-1,37.696
2,-1,-0.95,38.1625
3,-1,-0.9,38.606
4,-1,-0.85,39.0265
5,-1,-0.8,39.424
6,-1,-0.75,39.7985
7,-1,-0.7,40.15
8,-1,-0.65,40.4785
9,-1,-0.6,40.784
10,-1,-0.55,41.0665
11,-1,-0.5,41.326
12,-1,-0.45,41.5625
13,-1,-0.4,41.776
14,-1,-0.35,41.9665
15,-1,-0.3,42.134
16,-1,-0.25,42.2785
17,-1,-0.2,42.4
18,-1,-0.15,42.4985
19,-1,-0.1,42.574
20,-1,-0.05,42.6265
21,-1,0,42.656
22,-1,0.05,42.6625
23,-1,0.1,42.646
24,-1,0.15,42.6065
25,-1,0.2,42.544
26,-1,0.25,42.4585
27,-1,0.3,42.35
28,-1,0.35,42.2185
29,-1,0.4,42.064
30,-1,0.45,41.8865
31,-1,0.5,41.686
32,-1,0.55,41.4625
33,-1,0.6,41.216
34,-1,0.65,40.9465
35,-1,0.7,40.654
36,-1,0.75,40.3385
37,-1,0.8,40
38,-1,0.85,39.6385
39,-1,0.9,39.254
40,-1,0.95,38.8465
41,-1,1,38.416
42,-0.95,-1,38.0935
43,-0.95,-0.95,38.564
44,-0.95,-0.9,39.0115
45,-0.95,-0.85,39.436
46,-0.95,-0.8,39.8375
47,-0.95,-0.75,40.216
48,-0.95,-0.7,40.5715
49,-0.95,-0.65,40.904
50,-0.95,-0.6,41.2135
51,-0.95,-0.55,41.5
52,-0.95,-0.5,41.7635
53,-0.95,-0.45,42.004
54,-0.95,-0.4,42.2215
55,-0.95,-0.35,42.416
56,-0.95,-0.3,42.5875
57,-0.95,-0.25,42.736
58,-0.95,-0.2,42.8615
59,-0.95,-0.15,42.964
60,-0.95,-0.1,43.0435
61,-0.95,-0.05,43.1
62,-0.95,0,43.1335
63,-0.95,0.05,43.144
64,-0.95,0.1,43.1315
65,-0.95,0.15,43.096
66,-0.95,0.2,43.0375
67,-0.95,0.25,42.956
68,-0.95,0.3,42.8515
69,-0.95,0.35,42.724
70,-0.95,0.4,42.5735
71,-0.95,0.45,42.4
72,-0.95,0.5,42.2035
73,-0.95,0.55,41.984
74,-0.95,0.6,41.7415
75,-0.95,0.65,41.476
76,-0.95,0.7,41.1875
77,-0.95,0.75,40.876
78,-0.95,0.8,40.5415
79,-0.95,0.85,40.184
80,-0.95,0.9,39.8035
81,-0.95,0.95,39.4
82,-0.95,1,38.9735
83,-0.9,-1,38.474
84,-0.9,-0.95,38.9485
85,-0.9,-0.9,39.4
86,-0.9,-0.85,39.8285
87,-0.9,-0.8,40.234
88,-0.9,-0.75,40.6165
89,-0.9,-0.7,40.976
90,-0.9,-0.65,41.3125
91,-0.9,-0.6,41.626
92,-0.9,-0.55,41.9165
93,-0.9,-0.5,42.184
94,-0.9,-0.45,42.4285
95,-0.9,-0.4,42.65
96,-0.9,-0.35,42.8485
97,-0.9,-0.3,43.024
98,-0.9,-0.25,43.1765
99,-0.9,-0.2,43.306
100,-0.9,-0.15,43.4125
101,-0.9,-0.1,43.496
102,-0.9,-0.05,43.5565
103,-0.9,0,43.594
104,-0.9,0.05,43.6085
105,-0.9,0.1,43.6
106,-0.9,0.15,43.5685
107,-0.9,0.2,43.514
108,-0.9,0.25,43.4365
109,-0.9,0.3,43.336
110,-0.9,0.35,43.2125
111,-0.9,0.4,43.066
112,-0.9,0.45,42.8965
113,-0.9,0.5,42.704
114,-0.9,0.55,42.4885
115,-0.9,0.6,42.25
116,-0.9,0.65,41.9885
117,-0.9,0.7,41.704
118,-0.9,0.75,41.3965
119,-0.9,0.8,41.066
120,-0.9,0.85,40.7125
121,-0.9,0.9,40.336
122,-0.9,0.95,39.9365
123,-0.9,1,39.514
124,-0.85,-1,38.8375
125,-0.85,-0.95,39.316
126,-0.85,-0.9,39.7715
127,-0.85,-0.85,40.204
128,-0.85,-0.8,40.6135
129,-0.85,-0.75,41
130,-0.85,-0.7,41.3635
131,-0.85,-0.65,41.704
132,-0.85,-0.6,42.0215
133,-0.85,-0.55,42.316
134,-0.85,-0.5,42.5875
135,-0.85,-0.45,42.836
136,-0.85,-0.4,43.0615
137,-0.85,-0.35,43.264
138,-0.85,-0.3,43.4435
139,-0.85,-0.25,43.6
140,-0.85,-0.2,43.7335
141,-0.85,-0.15,43.844
142,-0.85,-0.1,43.9315
143,-0.85,-0.05,43.996
144,-0.85,0,44.0375
145,-0.85,0.05,44.056
146,-0.85,0.1,44.0515
147,-0.85,0.15,44.024
148,-0.85,0.2,43.9735
149,-0.85,0.25,43.9
150,-0.85,0.3,43.8035
151,-0.85,0.35,43.684
152,-0.85,0.4,43.5415
153,-0.85,0.45,43.376
154,-0.85,0.5,43.1875
155,-0.85,0.55,42.976
156,-0.85,0.6,42.7415
157,-0.85,0.65,42.484
158,-0.85,0.7,42.2035
159,-0.85,0.75,41.9
160,-0.85,0.8,41.5735
161,-0.85,0.85,41.224
162,-0.85,0.9,40.8515
163,-0.85,0.95,40.456
164,-0.85,1,40.0375
165,-0.8,-1,39.184
166,-0.8,-0.95,39.6665
167,-0.8,-0.9,40.126
168,-0.8,-0.85,40.5625
169,-0.8,-0.8,40.976
170,-0.8,-0.75,41.3665
171,-0.8,-0.7,41.734
172,-0.8,-0.65,42.0785
173,-0.8,-0.6,42.4
174,-0.8,-0.55,42.6985
175,-0.8,-0.5,42.974
176,-0.8,-0.45,43.2265
177,-0.8,-0.4,43.456
178,-0.8,-0.35,43.6625
179,-0.8,-0.3,43.846
180,-0.8,-0.25,44.0065
181,-0.8,-0.2,44.144
182,-0.8,-0.15,44.2585
183,-0.8,-0.1,44.35
184,-0.8,-0.05,44.4185
185,-0.8,0,44.464
186,-0.8,0.05,44.4865
187,-0.8,0.1,44.486
188,-0.8,0.15,44.4625
189,-0.8,0.2,44.416
190,-0.8,0.25,44.3465
191,-0.8,0.3,44.254
192,-0.8,0.35,44.1385
193,-0.8,0.4,44
194,-0.8,0.45,43.8385
195,-0.8,0.5,43.654
196,-0.8,0.55,43.4465
197,-0.8,0.6,43.216
198,-0.8,0.65,42.9625
199,-0.8,0.7,42.686
200,-0.8,0.75,42.3865
201,-0.8,0.8,42.064
202,-0.8,0.85,41.7185
203,-0.8,0.9,41.35
204,-0.8,0.95,40.9585
205,-0.8,1,40.544
206,-0.75,-1,39.5135
207,-0.75,-0.95,40
208,-0.75,-0.9,40.4635
209,-0.75,-0.85,40.904
210,-0.75,-0.8,41.3215
211,-0.75,-0.75,41.716
212,-0.75,-0.7,42.0875
213,-0.75,-0.65,42.436
214,-0.75,-0.6,42.7615
215,-0.75,-0.55,43.064
216,-0.75,-0.5,43.3435
217,-0.75,-0.45,43.6
218,-0.75,-0.4,43.8335
219,-0.75,-0.35,44.044
220,-0.75,-0.3,44.2315
221,-0.75,-0.25,44.396
222,-0.75,-0.2,44.5375
223,-0.75,-0.15,44.656
224,-0.75,-0.1,44.7515
225,-0.75,-0.05,44.824
226,-0.75,0,44.8735
227,-0.75,0.05,44.9
228,-0.75,0.1,44.9035
229,-0.75,0.15,44.884
230,-0.75,0.2,44.8415
231,-0.75,0.25,44.776
232,-0.75,0.3,44.6875
233,-0.75,0.35,44.576
234,-0.75,0.4,44.4415
235,-0.75,0.45,44.284
236,-0.75,0.5,44.1035
237,-0.75,0.55,43.9
238,-0.75,0.6,43.6735
239,-0.75,0.65,43.424
240,-0.75,0.7,43.1515
241,-0.75,0.75,42.856
242,-0.75,0.8,42.5375
243,-0.75,0.85,42.196
244,-0.75,0.9,41.8315
245,-0.75,0.95,41.444
246,-0.75,1,41.0335
247,-0.7,-1,39.826
248,-0.7,-0.95,40.3165
249,-0.7,-0.9,40.784
250,-0.7,-0.85,41.2285
251,-0.7,-0.8,41.65
252,-0.7,-0.75,42.0485
253,-0.7,-0.7,42.424
254,-0.7,-0.65,42.7765
255,-0.7,-0.6,43.106
256,-0.7,-0.55,43.4125
257,-0.7,-0.5,43.696
258,-0.7,-0.45,43.9565
259,-0.7,-0.4,44.194
260,-0.7,-0.35,44.4085
261,-0.7,-0.3,44.6
262,-0.7,-0.25,44.7685
263,-0.7,-0.2,44.914
264,-0.7,-0.15,45.0365
265,-0.7,-0.1,45.136
266,-0.7,-0.05,45.2125
267,-0.7,0,45.266
268,-0.7,0.05,45.2965
269,-0.7,0.1,45.304
270,-0.7,0.15,45.2885
271,-0.7,0.2,45.25
272,-0.7,0.25,45.1885
273,-0.7,0.3,45.104
274,-0.7,0.35,44.9965
275,-0.7,0.4,44.866
276,-0.7,0.45,44.7125
277,-0.7,0.5,44.536
278,-0.7,0.55,44.3365
279,-0.7,0.6,44.114
280,-0.7,0.65,43.8685
281,-0.7,0.7,43.6
282,-0.7,0.75,43.3085
283,-0.7,0.8,42.994
284,-0.7,0.85,42.6565
285,-0.7,0.9,42.296
286,-0.7,0.95,41.9125
287,-0.7,1,41.506
288,-0.65,-1,40.1215
289,-0.65,-0.95,40.616
290,-0.65,-0.9,41.0875
291,-0.65,-0.85,41.536
292,-0.65,-0.8,41.9615
293,-0.65,-0.75,42.364
294,-0.65,-0.7,42.7435
295,-0.65,-0.65,43.1
296,-0.65,-0.6,43.4335
297,-0.65,-0.55,43.744
298,-0.65,-0.5,44.0315
299,-0.65,-0.45,44.296
300,-0.65,-0.4,44.5375
301,-0.65,-0.35,44.756
302,-0.65,-0.3,44.9515
303,-0.65,-0.25,45.124
304,-0.65,-0.2,45.2735
305,-0.65,-0.15,45.4
306,-0.65,-0.1,45.5035
307,-0.65,-0.05,45.584
308,-0.65,0,45.6415
309,-0.65,0.05,45.676
310,-0.65,0.1,45.6875
311,-0.65,0.15,45.676
312,-0.65,0.2,45.6415
313,-0.65,0.25,45.584
314,-0.65,0.3,45.5035
315,-0.65,0.35,45.4
316,-0.65,0.4,45.2735
317,-0.65,0.45,45.124
318,-0.65,0.5,44.9515
319,-0.65,0.55,44.756
320,-0.65,0.6,44.5375
321,-0.65,0.65,44.296
322,-0.65,0.7,44.0315
323,-0.65,0.75,43.744
324,-0.65,0.8,43.4335
325,-0.65,0.85,43.1
326,-0.65,0.9,42.7435
327,-0.65,0.95,42.364
328,-0.65,1,41.9615
329,-0.6,-1,40.4
330,-0.6,-0.95,40.8985
331,-0.6,-0.9,41.374
332,-0.6,-0.85,41.8265
333,-0.6,-0.8,42.256
334,-0.6,-0.75,42.6625
335,-0.6,-0.7,43.046
336,-0.6,-0.65,43.4065
337,-0.6,-0.6,43.744
338,-0.6,-0.55,44.0585
339,-0.6,-0.5,44.35
340,-0.6,-0.45,44.6185
341,-0.6,-0.4,44.864
342,-0.6,-0.35,45.0865
343,-0.6,-0.3,45.286
344,-0.6,-0.25,45.4625
345,-0.6,-0.2,45.616
346,-0.6,-0.15,45.7465
347,-0.6,-0.1,45.854
348,-0.6,-0.05,45.9385
349,-0.6,0,46
350,-0.6,0.05,46.0385
351,-0.6,0.1,46.054
352,-0.6,0.15,46.0465
353,-0.6,0.2,46.016
354,-0.6,0.25,45.9625
355,-0.6,0.3,45.886
356,-0.6,0.35,45.7865
357,-0.6,0.4,45.664
358,-0.6,0.45,45.5185
359,-0.6,0.5,45.35
360,-0.6,0.55,45.1585
361,-0.6,0.6,44.944
362,-0.6,0.65,44.7065
363,-0.6,0.7,44.446
364,-0.6,0.75,44.1625
365,-0.6,0.8,43.856
366,-0.6,0.85,43.5265
367,-0.6,0.9,43.174
368,-0.6,0.95,42.7985
369,-0.6,1,42.4
370,-0.55,-1,40.6615
371,-0.55,-0.95,41.164
372,-0.55,-0.9,41.6435
373,-0.55,-0.85,42.1
374,-0.55,-0.8,42.5335
375,-0.55,-0.75,42.944
376,-0.55,-0.7,43.3315
377,-0.55,-0.65,43.696
378,-0.55,-0.6,44.0375
379,-0.55,-0.55,44.356
380,-0.55,-0.5,44.6515
381,-0.55,-0.45,44.924
382,-0.55,-0.4,45.1735
383,-0.55,-0.35,45.4
384,-0.55,-0.3,45.6035
385,-0.55,-0.25,45.784
386,-0.55,-0.2,45.9415
387,-0.55,-0.15,46.076
388,-0.55,-0.1,46.1875
389,-0.55,-0.05,46.276
390,-0.55,0,46.3415
391,-0.55,0.05,46.384
392,-0.55,0.1,46.4035
393,-0.55,0.15,46.4
394,-0.55,0.2,46.3735
395,-0.55,0.25,46.324
396,-0.55,0.3,46.2515
397,-0.55,0.35,46.156
398,-0.55,0.4,46.0375
399,-0.55,0.45,45.896
400,-0.55,0.5,45.7315
401,-0.55,0.55,45.544
402,-0.55,0.6,45.3335
403,-0.55,0.65,45.1
404,-0.55,0.7,44.8435
405,-0.55,0.75,44.564
406,-0.55,0.8,44.2615
407,-0.55,0.85,43.936
408,-0.55,0.9,43.5875
409,-0.55,0.95,43.216
410,-0.55,1,42.8215
411,-0.5,-1,40.906
412,-0.5,-0.95,41.4125
413,-0.5,-0.9,41.896
414,-0.5,-0.85,42.3565
415,-0.5,-0.8,42.794
416,-0.5,-0.75,43.2085
417,-0.5,-0.7,43.6
418,-0.5,-0.65,43.9685
419,-0.5,-0.6,44.314
420,-0.5,-0.55,44.6365
421,-0.5,-0.5,44.936
422,-0.5,-0.45,45.2125
423,-0.5,-0.4,45.466
424,-0.5,-0.35,45.6965
425,-0.5,-0.3,45.904
426,-0.5,-0.25,46.0885
427,-0.5,-0.2,46.25
428,-0.5,-0.15,46.3885
429,-0.5,-0.1,46.504
430,-0.5,-0.05,46.5965
431,-0.5,0,46.666
432,-0.5,0.05,46.7125
433,-0.5,0.1,46.736
434,-0.5,0.15,46.7365
435,-0.5,0.2,46.714
436,-0.5,0.25,46.6685
437,-0.5,0.3,46.6
438,-0.5,0.35,46.5085
439,-0.5,0.4,46.394
440,-0.5,0.45,46.2565
441,-0.5,0.5,46.096
442,-0.5,0.55,45.9125
443,-0.5,0.6,45.706
444,-0.5,0.65,45.4765
445,-0.5,0.7,45.224
446,-0.5,0.75,44.9485
447,-0.5,0.8,44.65
448,-0.5,0.85,44.3285
449,-0.5,0.9,43.984
450,-0.5,0.95,43.6165
451,-0.5,1,43.226
452,-0.45,-1,41.1335
453,-0.45,-0.95,41.644
454,-0.45,-0.9,42.1315
455,-0.45,-0.85,42.596
456,-0.45,-0.8,43.0375
457,-0.45,-0.75,43.456
458,-0.45,-0.7,43.8515
459,-0.45,-0.65,44.224
460,-0.45,-0.6,44.5735
461,-0.45,-0.55,44.9
462,-0.45,-0.5,45.2035
463,-0.45,-0.45,45.484
464,-0.45,-0.4,45.7415
465,-0.45,-0.35,45.976
466,-0.45,-0.3,46.1875
467,-0.45,-0.25,46.376
468,-0.45,-0.2,46.5415
469,-0.45,-0.15,46.684
470,-0.45,-0.1,46.8035
471,-0.45,-0.05,46.9
472,-0.45,0,46.9735
473,-0.45,0.05,47.024
474,-0.45,0.1,47.0515
475,-0.45,0.15,47.056
476,-0.45,0.2,47.0375
477,-0.45,0.25,46.996
478,-0.45,0.3,46.9315
479,-0.45,0.35,46.844
480,-0.45,0.4,46.7335
481,-0.45,0.45,46.6
482,-0.45,0.5,46.4435
483,-0.45,0.55,46.264
484,-0.45,0.6,46.0615
485,-0.45,0.65,45.836
486,-0.45,0.7,45.5875
487,-0.45,0.75,45.316
488,-0.45,0.8,45.0215
489,-0.45,0.85,44.704
490,-0.45,0.9,44.3635
491,-0.45,0.95,44
492,-0.45,1,43.6135
493,-0.4,-1,41.344
494,-0.4,-0.95,41.8585
495,-0.4,-0.9,42.35
496,-0.4,-0.85,42.8185
497,-0.4,-0.8,43.264
498,-0.4,-0.75,43.6865
499,-0.4,-0.7,44.086
500,-0.4,-0.65,44.4625
501,-0.4,-0.6,44.816
502,-0.4,-0.55,45.1465
503,-0.4,-0.5,45.454
504,-0.4,-0.45,45.7385
505,-0.4,-0.4,46
506,-0.4,-0.35,46.2385
507,-0.4,-0.3,46.454
508,-0.4,-0.25,46.6465
509,-0.4,-0.2,46.816
510,-0.4,-0.15,46.9625
511,-0.4,-0.1,47.086
512,-0.4,-0.05,47.1865
513,-0.4,0,47.264
514,-0.4,0.05,47.3185
515,-0.4,0.1,47.35
516,-0.4,0.15,47.3585
517,-0.4,0.2,47.344
518,-0.4,0.25,47.3065
519,-0.4,0.3,47.246
520,-0.4,0.35,47.1625
521,-0.4,0.4,47.056
522,-0.4,0.45,46.9265
523,-0.4,0.5,46.774
524,-0.4,0.55,46.5985
525,-0.4,0.6,46.4
526,-0.4,0.65,46.1785
527,-0.4,0.7,45.934
528,-0.4,0.75,45.6665
529,-0.4,0.8,45.376
530,-0.4,0.85,45.0625
531,-0.4,0.9,44.726
532,-0.4,0.95,44.3665
533,-0.4,1,43.984
534,-0.35,-1,41.5375
535,-0.35,-0.95,42.056
536,-0.35,-0.9,42.5515
537,-0.35,-0.85,43.024
538,-0.35,-0.8,43.4735
539,-0.35,-0.75,43.9
540,-0.35,-0.7,44.3035
541,-0.35,-0.65,44.684
542,-0.35,-0.6,45.0415
543,-0.35,-0.55,45.376
544,-0.35,-0.5,45.6875
545,-0.35,-0.45,45.976
546,-0.35,-0.4,46.2415
547,-0.35,-0.35,46.484
548,-0.35,-0.3,46.7035
549,-0.35,-0.25,46.9
550,-0.35,-0.2,47.0735
551,-0.35,-0.15,47.224
552,-0.35,-0.1,47.3515
553,-0.35,-0.05,47.456
554,-0.35,0,47.5375
555,-0.35,0.05,47.596
556,-0.35,0.1,47.6315
557,-0.35,0.15,47.644
558,-0.35,0.2,47.6335
559,-0.35,0.25,47.6
560,-0.35,0.3,47.5435
561,-0.35,0.35,47.464
562,-0.35,0.4,47.3615
563,-0.35,0.45,47.236
564,-0.35,0.5,47.0875
565,-0.35,0.55,46.916
566,-0.35,0.6,46.7215
567,-0.35,0.65,46.504
568,-0.35,0.7,46.2635
569,-0.35,0.75,46
570,-0.35,0.8,45.7135
571,-0.35,0.85,45.404
572,-0.35,0.9,45.0715
573,-0.35,0.95,44.716
574,-0.35,1,44.3375
575,-0.3,-1,41.714
576,-0.3,-0.95,42.2365
577,-0.3,-0.9,42.736
578,-0.3,-0.85,43.2125
579,-0.3,-0.8,43.666
580,-0.3,-0.75,44.0965
581,-0.3,-0.7,44.504
582,-0.3,-0.65,44.8885
583,-0.3,-0.6,45.25
584,-0.3,-0.55,45.5885
585,-0.3,-0.5,45.904
586,-0.3,-0.45,46.1965
587,-0.3,-0.4,46.466
588,-0.3,-0.35,46.7125
589,-0.3,-0.3,46.936
590,-0.3,-0.25,47.1365
591,-0.3,-0.2,47.314
592,-0.3,-0.15,47.4685
593,-0.3,-0.1,47.6
594,-0.3,-0.05,47.7085
595,-0.3,0,47.794
596,-0.3,0.05,47.8565
597,-0.3,0.1,47.896
598,-0.3,0.15,47.9125
599,-0.3,0.2,47.906
600,-0.3,0.25,47.8765
601,-0.3,0.3,47.824
602,-0.3,0.35,47.7485
603,-0.3,0.4,47.65
604,-0.3,0.45,47.5285
605,-0.3,0.5,47.384
606,-0.3,0.55,47.2165
607,-0.3,0.6,47.026
608,-0.3,0.65,46.8125
609,-0.3,0.7,46.576
610,-0.3,0.75,46.3165
611,-0.3,0.8,46.034
612,-0.3,0.85,45.7285
613,-0.3,0.9,45.4
614,-0.3,0.95,45.0485
615,-0.3,1,44.674
616,-0.25,-1,41.8735
617,-0.25,-0.95,42.4
618,-0.25,-0.9,42.9035
619,-0.25,-0.85,43.384
620,-0.25,-0.8,43.8415
621,-0.25,-0.75,44.276
622,-0.25,-0.7,44.6875
623,-0.25,-0.65,45.076
624,-0.25,-0.6,45.4415
625,-0.25,-0.55,45.784
626,-0.25,-0.5,46.1035
627,-0.25,-0.45,46.4
628,-0.25,-0.4,46.6735
629,-0.25,-0.35,46.924
630,-0.25,-0.3,47.1515
631,-0.25,-0.25,47.356
632,-0.25,-0.2,47.5375
633,-0.25,-0.15,47.696
634,-0.25,-0.1,47.8315
635,-0.25,-0.05,47.944
636,-0.25,0,48.0335
637,-0.25,0.05,48.1
638,-0.25,0.1,48.1435
639,-0.25,0.15,48.164
640,-0.25,0.2,48.1615
641,-0.25,0.25,48.136
642,-0.25,0.3,48.0875
643,-0.25,0.35,48.016
644,-0.25,0.4,47.9215
645,-0.25,0.45,47.804
646,-0.25,0.5,47.6635
647,-0.25,0.55,47.5
648,-0.25,0.6,47.3135
649,-0.25,0.65,47.104
650,-0.25,0.7,46.8715
651,-0.25,0.75,46.616
652,-0.25,0.8,46.3375
653,-0.25,0.85,46.036
654,-0.25,0.9,45.7115
655,-0.25,0.95,45.364
656,-0.25,1,44.9935
657,-0.2,-1,42.016
658,-0.2,-0.95,42.5465
659,-0.2,-0.9,43.054
660,-0.2,-0.85,43.5385
661,-0.2,-0.8,44
662,-0.2,-0.75,44.4385
663,-0.2,-0.7,44.854
664,-0.2,-0.65,45.2465
665,-0.2,-0.6,45.616
666,-0.2,-0.55,45.9625
667,-0.2,-0.5,46.286
668,-0.2,-0.45,46.5865
669,-0.2,-0.4,46.864
670,-0.2,-0.35,47.1185
671,-0.2,-0.3,47.35
672,-0.2,-0.25,47.5585
673,-0.2,-0.2,47.744
674,-0.2,-0.15,47.9065
675,-0.2,-0.1,48.046
676,-0.2,-0.05,48.1625
677,-0.2,0,48.256
678,-0.2,0.05,48.3265
679,-0.2,0.1,48.374
680,-0.2,0.15,48.3985
681,-0.2,0.2,48.4
682,-0.2,0.25,48.3785
683,-0.2,0.3,48.334
684,-0.2,0.35,48.2665
685,-0.2,0.4,48.176
686,-0.2,0.45,48.0625
687,-0.2,0.5,47.926
688,-0.2,0.55,47.7665
689,-0.2,0.6,47.584
690,-0.2,0.65,47.3785
691,-0.2,0.7,47.15
692,-0.2,0.75,46.8985
693,-0.2,0.8,46.624
694,-0.2,0.85,46.3265
695,-0.2,0.9,46.006
696,-0.2,0.95,45.6625
697,-0.2,1,45.296
698,-0.15,-1,42.1415
699,-0.15,-0.95,42.676
700,-0.15,-0.9,43.1875
701,-0.15,-0.85,43.676
702,-0.15,-0.8,44.1415
703,-0.15,-0.75,44.584
704,-0.15,-0.7,45.0035
705,-0.15,-0.65,45.4
706,-0.15,-0.6,45.7735
707,-0.15,-0.55,46.124
708,-0.15,-0.5,46.4515
709,-0.15,-0.45,46.756
710,-0.15,-0.4,47.0375
711,-0.15,-0.35,47.296
712,-0.15,-0.3,47.5315
713,-0.15,-0.25,47.744
714,-0.15,-0.2,47.9335
715,-0.15,-0.15,48.1
716,-0.15,-0.1,48.2435
717,-0.15,-0.05,48.364
718,-0.15,0,48.4615
719,-0.15,0.05,48.536
720,-0.15,0.1,48.5875
721,-0.15,0.15,48.616
722,-0.15,0.2,48.6215
723,-0.15,0.25,48.604
724,-0.15,0.3,48.5635
725,-0.15,0.35,48.5
726,-0.15,0.4,48.4135
727,-0.15,0.45,48.304
728,-0.15,0.5,48.1715
729,-0.15,0.55,48.016
730,-0.15,0.6,47.8375
731,-0.15,0.65,47.636
732,-0.15,0.7,47.4115
733,-0.15,0.75,47.164
734,-0.15,0.8,46.8935
735,-0.15,0.85,46.6
736,-0.15,0.9,46.2835
737,-0.15,0.95,45.944
738,-0.15,1,45.5815
739,-0.1,-1,42.25
740,-0.1,-0.95,42.7885
741,-0.1,-0.9,43.304
742,-0.1,-0.85,43.7965
743,-0.1,-0.8,44.266
744,-0.1,-0.75,44.7125
745,-0.1,-0.7,45.136
746,-0.1,-0.65,45.5365
747,-0.1,-0.6,45.914
748,-0.1,-0.55,46.2685
749,-0.1,-0.5,46.6
750,-0.1,-0.45,46.9085
751,-0.1,-0.4,47.194
752,-0.1,-0.35,47.4565
753,-0.1,-0.3,47.696
754,-0.1,-0.25,47.9125
755,-0.1,-0.2,48.106
756,-0.1,-0.15,48.2765
757,-0.1,-0.1,48.424
758,-0.1,-0.05,48.5485
759,-0.1,0,48.65
760,-0.1,0.05,48.7285
761,-0.1,0.1,48.784
762,-0.1,0.15,48.8165
763,-0.1,0.2,48.826
764,-0.1,0.25,48.8125
765,-0.1,0.3,48.776
766,-0.1,0.35,48.7165
767,-0.1,0.4,48.634
768,-0.1,0.45,48.5285
769,-0.1,0.5,48.4
770,-0.1,0.55,48.2485
771,-0.1,0.6,48.074
772,-0.1,0.65,47.8765
773,-0.1,0.7,47.656
774,-0.1,0.75,47.4125
775,-0.1,0.8,47.146
776,-0.1,0.85,46.8565
777,-0.1,0.9,46.544
778,-0.1,0.95,46.2085
779,-0.1,1,45.85
780,-0.05,-1,42.3415
781,-0.05,-0.95,42.884
782,-0.05,-0.9,43.4035
783,-0.05,-0.85,43.9
784,-0.05,-0.8,44.3735
785,-0.05,-0.75,44.824
786,-0.05,-0.7,45.2515
787,-0.05,-0.65,45.656
788,-0.05,-0.6,46.0375
789,-0.05,-0.55,46.396
790,-0.05,-0.5,46.7315
791,-0.05,-0.45,47.044
792,-0.05,-0.4,47.3335
793,-0.05,-0.35,47.6
794,-0.05,-0.3,47.8435
795,-0.05,-0.25,48.064
796,-0.05,-0.2,48.2615
797,-0.05,-0.15,48.436
798,-0.05,-0.1,48.5875
799,-0.05,-0.05,48.716
800,-0.05,0,48.8215
801,-0.05,0.05,48.904
802,-0.05,0.1,48.9635
803,-0.05,0.15,49
804,-0.05,0.2,49.0135
805,-0.05,0.25,49.004
806,-0.05,0.3,48.9715
807,-0.05,0.35,48.916
808,-0.05,0.4,48.8375
809,-0.05,0.45,48.736
810,-0.05,0.5,48.6115
811,-0.05,0.55,48.464
812,-0.05,0.6,48.2935
813,-0.05,0.65,48.1
814,-0.05,0.7,47.8835
815,-0.05,0.75,47.644
816,-0.05,0.8,47.3815
817,-0.05,0.85,47.096
818,-0.05,0.9,46.7875
819,-0.05,0.95,46.456
820,-0.05,1,46.1015
821,0,-1,42.416
822,0,-0.95,42.9625
823,0,-0.9,43.486
824,0,-0.85,43.9865
825,0,-0.8,44.464
826,0,-0.75,44.9185
827,0,-0.7,45.35
828,0,-0.65,45.7585
829,0,-0.6,46.144
830,0,-0.55,46.5065
831,0,-0.5,46.846
832,0,-0.45,47.1625
833,0,-0.4,47.456
834,0,-0.35,47.7265
835,0,-0.3,47.974
836,0,-0.25,48.1985
837,0,-0.2,48.4
838,0,-0.15,48.5785
839,0,-0.1,48.734
840,0,-0.05,48.8665
841,0,0,48.976
842,0,0.05,49.0625
843,0,0.1,49.126
844,0,0.15,49.1665
845,0,0.2,49.184
846,0,0.25,49.1785
847,0,0.3,49.15
848,0,0.35,49.0985
849,0,0.4,49.024
850,0,0.45,48.9265
851,0,0.5,48.806
852,0,0.55,48.6625
853,0,0.6,48.496
854,0,0.65,48.3065
855,0,0.7,48.094
856,0,0.75,47.8585
857,0,0.8,47.6
858,0,0.85,47.3185
859,0,0.9,47.014
860,0,0.95,46.6865
861,0,1,46.336
862,0.05,-1,42.4735
863,0.05,-0.95,43.024
864,0.05,-0.9,43.5515
865,0.05,-0.85,44.056
866,0.05,-0.8,44.5375
867,0.05,-0.75,44.996
868,0.05,-0.7,45.4315
869,0.05,-0.65,45.844
870,0.05,-0.6,46.2335
871,0.05,-0.55,46.6
872,0.05,-0.5,46.9435
873,0.05,-0.45,47.264
874,0.05,-0.4,47.5615
875,0.05,-0.35,47.836
876,0.05,-0.3,48.0875
877,0.05,-0.25,48.316
878,0.05,-0.2,48.5215
879,0.05,-0.15,48.704
880,0.05,-0.1,48.8635
881,0.05,-0.05,49
882,0.05,0,49.1135
883,0.05,0.05,49.204
884,0.05,0.1,49.2715
885,0.05,0.15,49.316
886,0.05,0.2,49.3375
887,0.05,0.25,49.336
888,0.05,0.3,49.3115
889,0.05,0.35,49.264
890,0.05,0.4,49.1935
891,0.05,0.45,49.1
892,0.05,0.5,48.9835
893,0.05,0.55,48.844
894,0.05,0.6,48.6815
895,0.05,0.65,48.496
896,0.05,0.7,48.2875
897,0.05,0.75,48.056
898,0.05,0.8,47.8015
899,0.05,0.85,47.524
900,0.05,0.9,47.2235
901,0.05,0.95,46.9
902,0.05,1,46.5535
903,0.1,-1,42.514
904,0.1,-0.95,43.0685
905,0.1,-0.9,43.6
906,0.1,-0.85,44.1085
907,0.1,-0.8,44.594
908,0.1,-0.75,45.0565
909,0.1,-0.7,45.496
910,0.1,-0.65,45.9125
911,0.1,-0.6,46.306
912,0.1,-0.55,46.6765
913,0.1,-0.5,47.024
914,0.1,-0.45,47.3485
915,0.1,-0.4,47.65
916,0.1,-0.35,47.9285
917,0.1,-0.3,48.184
918,0.1,-0.25,48.4165
919,0.1,-0.2,48.626
920,0.1,-0.15,48.8125
921,0.1,-0.1,48.976
922,0.1,-0.05,49.1165
923,0.1,0,49.234
924,0.1,0.05,49.3285
925,0.1,0.1,49.4
926,0.1,0.15,49.4485
927,0.1,0.2,49.474
928,0.1,0.25,49.4765
929,0.1,0.3,49.456
930,0.1,0.35,49.4125
931,0.1,0.4,49.346
932,0.1,0.45,49.2565
933,0.1,0.5,49.144
934,0.1,0.55,49.0085
935,0.1,0.6,48.85
936,0.1,0.65,48.6685
937,0.1,0.7,48.464
938,0.1,0.75,48.2365
939,0.1,0.8,47.986
940,0.1,0.85,47.7125
941,0.1,0.9,47.416
942,0.1,0.95,47.0965
943,0.1,1,46.754
944,0.15,-1,42.5375
945,0.15,-0.95,43.096
946,0.15,-0.9,43.6315
947,0.15,-0.85,44.144
948,0.15,-0.8,44.6335
949,0.15,-0.75,45.1
950,0.15,-0.7,45.5435
951,0.15,-0.65,45.964
952,0.15,-0.6,46.3615
953,0.15,-0.55,46.736
954,0.15,-0.5,47.0875
955,0.15,-0.45,47.416
956,0.15,-0.4,47.7215
957,0.15,-0.35,48.004
958,0.15,-0.3,48.2635
959,0.15,-0.25,48.5
960,0.15,-0.2,48.7135
961,0.15,-0.15,48.904
962,0.15,-0.1,49.0715
963,0.15,-0.05,49.216
964,0.15,0,49.3375
965,0.15,0.05,49.436
966,0.15,0.1,49.5115
967,0.15,0.15,49.564
968,0.15,0.2,49.5935
969,0.15,0.25,49.6
970,0.15,0.3,49.5835
971,0.15,0.35,49.544
972,0.15,0.4,49.4815
973,0.15,0.45,49.396
974,0.15,0.5,49.2875
975,0.15,0.55,49.156
976,0.15,0.6,49.0015
977,0.15,0.65,48.824
978,0.15,0.7,48.6235
979,0.15,0.75,48.4
980,0.15,0.8,48.1535
981,0.15,0.85,47.884
982,0.15,0.9,47.5915
983,0.15,0.95,47.276
984,0.15,1,46.9375
985,0.2,-1,42.544
986,0.2,-0.95,43.1065
987,0.2,-0.9,43.646
988,0.2,-0.85,44.1625
989,0.2,-0.8,44.656
990,0.2,-0.75,45.1265
991,0.2,-0.7,45.574
992,0.2,-0.65,45.9985
993,0.2,-0.6,46.4
994,0.2,-0.55,46.7785
995,0.2,-0.5,47.134
996,0.2,-0.45,47.4665
997,0.2,-0.4,47.776
998,0.2,-0.35,48.0625
999,0.2,-0.3,48.326
1000,0.2,-0.25,48.5665
1001,0.2,-0.2,48.784
1002,0.2,-0.15,48.9785
1003,0.2,-0.1,49.15
1004,0.2,-0.05,49.2985
1005,0.2,0,49.424
1006,0.2,0.05,49.5265
1007,0.2,0.1,49.606
1008,0.2,0.15,49.6625
1009,0.2,0.2,49.696
1010,0.2,0.25,49.7065
1011,0.2,0.3,49.694
1012,0.2,0.35,49.6585
1013,0.2,0.4,49.6
1014,0.2,0.45,49.5185
1015,0.2,0.5,49.414
1016,0.2,0.55,49.2865
1017,0.2,0.6,49.136
1018,0.2,0.65,48.9625
1019,0.2,0.7,48.766
1020,0.2,0.75,48.5465
1021,0.2,0.8,48.304
1022,0.2,0.85,48.0385
1023,0.2,0.9,47.75
1024,0.2,0.95,47.4385
1025,0.2,1,47.104
1026,0.25,-1,42.5335
1027,0.25,-0.95,43.1
1028,0.25,-0.9,43.6435
1029,0.25,-0.85,44.164
1030,0.25,-0.8,44.6615
1031,0.25,-0.75,45.136
1032,0.25,-0.7,45.5875
1033,0.25,-0.65,46.016
1034,0.25,-0.6,46.4215
1035,0.25,-0.55,46.804
1036,0.25,-0.5,47.1635
1037,0.25,-0.45,47.5
1038,0.25,-0.4,47.8135
1039,0.25,-0.35,48.104
1040,0.25,-0.3,48.3715
1041,0.25,-0.25,48.616
1042,0.25,-0.2,48.8375
1043,0.25,-0.15,49.036
1044,0.25,-0.1,49.2115
1045,0.25,-0.05,49.364
1046,0.25,0,49.4935
1047,0.25,0.05,49.6
1048,0.25,0.1,49.6835
1049,0.25,0.15,49.744
1050,0.25,0.2,49.7815
1051,0.25,0.25,49.796
1052,0.25,0.3,49.7875
1053,0.25,0.35,49.756
1054,0.25,0.4,49.7015
1055,0.25,0.45,49.624
1056,0.25,0.5,49.5235
1057,0.25,0.55,49.4
1058,0.25,0.6,49.2535
1059,0.25,0.65,49.084
1060,0.25,0.7,48.8915
1061,0.25,0.75,48.676
1062,0.25,0.8,48.4375
1063,0.25,0.85,48.176
1064,0.25,0.9,47.8915
1065,0.25,0.95,47.584
1066,0.25,1,47.2535
1067,0.3,-1,42.506
1068,0.3,-0.95,43.0765
1069,0.3,-0.9,43.624
1070,0.3,-0.85,44.1485
1071,0.3,-0.8,44.65
1072,0.3,-0.75,45.1285
1073,0.3,-0.7,45.584
1074,0.3,-0.65,46.0165
1075,0.3,-0.6,46.426
1076,0.3,-0.55,46.8125
1077,0.3,-0.5,47.176
1078,0.3,-0.45,47.5165
1079,0.3,-0.4,47.834
1080,0.3,-0.35,48.1285
1081,0.3,-0.3,48.4
1082,0.3,-0.25,48.6485
1083,0.3,-0.2,48.874
1084,0.3,-0.15,49.0765
1085,0.3,-0.1,49.256
1086,0.3,-0.05,49.4125
1087,0.3,0,49.546
1088,0.3,0.05,49.6565
1089,0.3,0.1,49.744
1090,0.3,0.15,49.8085
1091,0.3,0.2,49.85
1092,0.3,0.25,49.8685
1093,0.3,0.3,49.864
1094,0.3,0.35,49.8365
1095,0.3,0.4,49.786
1096,0.3,0.45,49.7125
1097,0.3,0.5,49.616
1098,0.3,0.55,49.4965
1099,0.3,0.6,49.354
1100,0.3,0.65,49.1885
1101,0.3,0.7,49
1102,0.3,0.75,48.7885
1103,0.3,0.8,48.554
1104,0.3,0.85,48.2965
1105,0.3,0.9,48.016
1106,0.3,0.95,47.7125
1107,0.3,1,47.386
1108,0.35,-1,42.4615
1109,0.35,-0.95,43.036
1110,0.35,-0.9,43.5875
1111,0.35,-0.85,44.116
1112,0.35,-0.8,44.6215
1113,0.35,-0.75,45.104
1114,0.35,-0.7,45.5635
1115,0.35,-0.65,46
1116,0.35,-0.6,46.4135
1117,0.35,-0.55,46.804
1118,0.35,-0.5,47.1715
1119,0.35,-0.45,47.516
1120,0.35,-0.4,47.8375
1121,0.35,-0.35,48.136
1122,0.35,-0.3,48.4115
1123,0.35,-0.25,48.664
1124,0.35,-0.2,48.8935
1125,0.35,-0.15,49.1
1126,0.35,-0.1,49.2835
1127,0.35,-0.05,49.444
1128,0.35,0,49.5815
1129,0.35,0.05,49.696
1130,0.35,0.1,49.7875
1131,0.35,0.15,49.856
1132,0.35,0.2,49.9015
1133,0.35,0.25,49.924
1134,0.35,0.3,49.9235
1135,0.35,0.35,49.9
1136,0.35,0.4,49.8535
1137,0.35,0.45,49.784
1138,0.35,0.5,49.6915
1139,0.35,0.55,49.576
1140,0.35,0.6,49.4375
1141,0.35,0.65,49.276
1142,0.35,0.7,49.0915
1143,0.35,0.75,48.884
1144,0.35,0.8,48.6535
1145,0.35,0.85,48.4
1146,0.35,0.9,48.1235
1147,0.35,0.95,47.824
1148,0.35,1,47.5015
1149,0.4,-1,42.4
1150,0.4,-0.95,42.9785
1151,0.4,-0.9,43.534
1152,0.4,-0.85,44.0665
1153,0.4,-0.8,44.576
1154,0.4,-0.75,45.0625
1155,0.4,-0.7,45.526
1156,0.4,-0.65,45.9665
1157,0.4,-0.6,46.384
1158,0.4,-0.55,46.7785
1159,0.4,-0.5,47.15
1160,0.4,-0.45,47.4985
1161,0.4,-0.4,47.824
1162,0.4,-0.35,48.1265
1163,0.4,-0.3,48.406
1164,0.4,-0.25,48.6625
1165,0.4,-0.2,48.896
1166,0.4,-0.15,49.1065
1167,0.4,-0.1,49.294
1168,0.4,-0.05,49.4585
1169,0.4,0,49.6
1170,0.4,0.05,49.7185
1171,0.4,0.1,49.814
1172,0.4,0.15,49.8865
1173,0.4,0.2,49.936
1174,0.4,0.25,49.9625
1175,0.4,0.3,49.966
1176,0.4,0.35,49.9465
1177,0.4,0.4,49.904
1178,0.4,0.45,49.8385
1179,0.4,0.5,49.75
1180,0.4,0.55,49.6385
1181,0.4,0.6,49.504
1182,0.4,0.65,49.3465
1183,0.4,0.7,49.166
1184,0.4,0.75,48.9625
1185,0.4,0.8,48.736
1186,0.4,0.85,48.4865
1187,0.4,0.9,48.214
1188,0.4,0.95,47.9185
1189,0.4,1,47.6
1190,0.45,-1,42.3215
1191,0.45,-0.95,42.904
1192,0.45,-0.9,43.4635
1193,0.45,-0.85,44
1194,0.45,-0.8,44.5135
1195,0.45,-0.75,45.004
1196,0.45,-0.7,45.4715
1197,0.45,-0.65,45.916
1198,0.45,-0.6,46.3375
1199,0.45,-0.55,46.736
1200,0.45,-0.5,47.1115
1201,0.45,-0.45,47.464
1202,0.45,-0.4,47.7935
1203,0.45,-0.35,48.1
1204,0.45,-0.3,48.3835
1205,0.45,-0.25,48.644
1206,0.45,-0.2,48.8815
1207,0.45,-0.15,49.096
1208,0.45,-0.1,49.2875
1209,0.45,-0.05,49.456
1210,0.45,0,49.6015
1211,0.45,0.05,49.724
1212,0.45,0.1,49.8235
1213,0.45,0.15,49.9
1214,0.45,0.2,49.9535
1215,0.45,0.25,49.984
1216,0.45,0.3,49.9915
1217,0.45,0.35,49.976
1218,0.45,0.4,49.9375
1219,0.45,0.45,49.876
1220,0.45,0.5,49.7915
1221,0.45,0.55,49.684
1222,0.45,0.6,49.5535
1223,0.45,0.65,49.4
1224,0.45,0.7,49.2235
1225,0.45,0.75,49.024
1226,0.45,0.8,48.8015
1227,0.45,0.85,48.556
1228,0.45,0.9,48.2875
1229,0.45,0.95,47.996
1230,0.45,1,47.6815
1231,0.5,-1,42.226
1232,0.5,-0.95,42.8125
1233,0.5,-0.9,43.376
1234,0.5,-0.85,43.9165
1235,0.5,-0.8,44.434
1236,0.5,-0.75,44.9285
1237,0.5,-0.7,45.4
1238,0.5,-0.65,45.8485
1239,0.5,-0.6,46.274
1240,0.5,-0.55,46.6765
1241,0.5,-0.5,47.056
1242,0.5,-0.45,47.4125
1243,0.5,-0.4,47.746
1244,0.5,-0.35,48.0565
1245,0.5,-0.3,48.344
1246,0.5,-0.25,48.6085
1247,0.5,-0.2,48.85
1248,0.5,-0.15,49.0685
1249,0.5,-0.1,49.264
1250,0.5,-0.05,49.4365
1251,0.5,0,49.586
1252,0.5,0.05,49.7125
1253,0.5,0.1,49.816
1254,0.5,0.15,49.8965
1255,0.5,0.2,49.954
1256,0.5,0.25,49.9885
1257,0.5,0.3,50
1258,0.5,0.35,49.9885
1259,0.5,0.4,49.954
1260,0.5,0.45,49.8965
1261,0.5,0.5,49.816
1262,0.5,0.55,49.7125
1263,0.5,0.6,49.586
1264,0.5,0.65,49.4365
1265,0.5,0.7,49.264
1266,0.5,0.75,49.0685
1267,0.5,0.8,48.85
1268,0.5,0.85,48.6085
1269,0.5,0.9,48.344
1270,0.5,0.95,48.0565
1271,0.5,1,47.746
1272,0.55,-1,42.1135
1273,0.55,-0.95,42.704
1274,0.55,-0.9,43.2715
1275,0.55,-0.85,43.816
1276,0.55,-0.8,44.3375
1277,0.55,-0.75,44.836
1278,0.55,-0.7,45.3115
1279,0.55,-0.65,45.764
1280,0.55,-0.6,46.1935
1281,0.55,-0.55,46.6
1282,0.55,-0.5,46.9835
1283,0.55,-0.45,47.344
1284,0.55,-0.4,47.6815
1285,0.55,-0.35,47.996
1286,0.55,-0.3,48.2875
1287,0.55,-0.25,48.556
1288,0.55,-0.2,48.8015
1289,0.55,-0.15,49.024
1290,0.55,-0.1,49.2235
1291,0.55,-0.05,49.4
1292,0.55,0,49.5535
1293,0.55,0.05,49.684
1294,0.55,0.1,49.7915
1295,0.55,0.15,49.876
1296,0.55,0.2,49.9375
1297,0.55,0.25,49.976
1298,0.55,0.3,49.9915
1299,0.55,0.35,49.984
1300,0.55,0.4,49.9535
1301,0.55,0.45,49.9
1302,0.55,0.5,49.8235
1303,0.55,0.55,49.724
1304,0.55,0.6,49.6015
1305,0.55,0.65,49.456
1306,0.55,0.7,49.2875
1307,0.55,0.75,49.096
1308,0.55,0.8,48.8815
1309,0.55,0.85,48.644
1310,0.55,0.9,48.3835
1311,0.55,0.95,48.1
1312,0.55,1,47.7935
1313,0.6,-1,41.984
1314,0.6,-0.95,42.5785
1315,0.6,-0.9,43.15
1316,0.6,-0.85,43.6985
1317,0.6,-0.8,44.224
1318,0.6,-0.75,44.7265
1319,0.6,-0.7,45.206
1320,0.6,-0.65,45.6625
1321,0.6,-0.6,46.096
1322,0.6,-0.55,46.5065
1323,0.6,-0.5,46.894
1324,0.6,-0.45,47.2585
1325,0.6,-0.4,47.6
1326,0.6,-0.35,47.9185
1327,0.6,-0.3,48.214
1328,0.6,-0.25,48.4865
1329,0.6,-0.2,48.736
1330,0.6,-0.15,48.9625
1331,0.6,-0.1,49.166
1332,0.6,-0.05,49.3465
1333,0.6,0,49.504
1334,0.6,0.05,49.6385
1335,0.6,0.1,49.75
1336,0.6,0.15,49.8385
1337,0.6,0.2,49.904
1338,0.6,0.25,49.9465
1339,0.6,0.3,49.966
1340,0.6,0.35,49.9625
1341,0.6,0.4,49.936
1342,0.6,0.45,49.8865
1343,0.6,0.5,49.814
1344,0.6,0.55,49.7185
1345,0.6,0.6,49.6
1346,0.6,0.65,49.4585
1347,0.6,0.7,49.294
1348,0.6,0.75,49.1065
1349,0.6,0.8,48.896
1350,0.6,0.85,48.6625
1351,0.6,0.9,48.406
1352,0.6,0.95,48.1265
1353,0.6,1,47.824
1354,0.65,-1,41.8375
1355,0.65,-0.95,42.436
1356,0.65,-0.9,43.0115
1357,0.65,-0.85,43.564
1358,0.65,-0.8,44.0935
1359,0.65,-0.75,44.6
1360,0.65,-0.7,45.0835
1361,0.65,-0.65,45.544
1362,0.65,-0.6,45.9815
1363,0.65,-0.55,46.396
1364,0.65,-0.5,46.7875
1365,0.65,-0.45,47.156
1366,0.65,-0.4,47.5015
1367,0.65,-0.35,47.824
1368,0.65,-0.3,48.1235
1369,0.65,-0.25,48.4
1370,0.65,-0.2,48.6535
1371,0.65,-0.15,48.884
1372,0.65,-0.1,49.0915
1373,0.65,-0.05,49.276
1374,0.65,0,49.4375
1375,0.65,0.05,49.576
1376,0.65,0.1,49.6915
1377,0.65,0.15,49.784
1378,0.65,0.2,49.8535
1379,0.65,0.25,49.9
1380,0.65,0.3,49.9235
1381,0.65,0.35,49.924
1382,0.65,0.4,49.9015
1383,0.65,0.45,49.856
1384,0.65,0.5,49.7875
1385,0.65,0.55,49.696
1386,0.65,0.6,49.5815
1387,0.65,0.65,49.444
1388,0.65,0.7,49.2835
1389,0.65,0.75,49.1
1390,0.65,0.8,48.8935
1391,0.65,0.85,48.664
1392,0.65,0.9,48.4115
1393,0.65,0.95,48.136
1394,0.65,1,47.8375
1395,0.7,-1,41.674
1396,0.7,-0.95,42.2765
1397,0.7,-0.9,42.856
1398,0.7,-0.85,43.4125
1399,0.7,-0.8,43.946
1400,0.7,-0.75,44.4565
1401,0.7,-0.7,44.944
1402,0.7,-0.65,45.4085
1403,0.7,-0.6,45.85
1404,0.7,-0.55,46.2685
1405,0.7,-0.5,46.664
1406,0.7,-0.45,47.0365
1407,0.7,-0.4,47.386
1408,0.7,-0.35,47.7125
1409,0.7,-0.3,48.016
1410,0.7,-0.25,48.2965
1411,0.7,-0.2,48.554
1412,0.7,-0.15,48.7885
1413,0.7,-0.1,49
1414,0.7,-0.05,49.1885
1415,0.7,0,49.354
1416,0.7,0.05,49.4965
1417,0.7,0.1,49.616
1418,0.7,0.15,49.7125
1419,0.7,0.2,49.786
1420,0.7,0.25,49.8365
1421,0.7,0.3,49.864
1422,0.7,0.35,49.8685
1423,0.7,0.4,49.85
1424,0.7,0.45,49.8085
1425,0.7,0.5,49.744
1426,0.7,0.55,49.6565
1427,0.7,0.6,49.546
1428,0.7,0.65,49.4125
1429,0.7,0.7,49.256
1430,0.7,0.75,49.0765
1431,0.7,0.8,48.874
1432,0.7,0.85,48.6485
1433,0.7,0.9,48.4
1434,0.7,0.95,48.1285
1435,0.7,1,47.834
1436,0.75,-1,41.4935
1437,0.75,-0.95,42.1
1438,0.75,-0.9,42.6835
1439,0.75,-0.85,43.244
1440,0.75,-0.8,43.7815
1441,0.75,-0.75,44.296
1442,0.75,-0.7,44.7875
1443,0.75,-0.65,45.256
1444,0.75,-0.6,45.7015
1445,0.75,-0.55,46.124
1446,0.75,-0.5,46.5235
1447,0.75,-0.45,46.9
1448,0.75,-0.4,47.2535
1449,0.75,-0.35,47.584
1450,0.75,-0.3,47.8915
1451,0.75,-0.25,48.176
1452,0.75,-0.2,48.4375
1453,0.75,-0.15,48.676
1454,0.75,-0.1,48.8915
1455,0.75,-0.05,49.084
1456,0.75,0,49.2535
1457,0.75,0.05,49.4
1458,0.75,0.1,49.5235
1459,0.75,0.15,49.624
1460,0.75,0.2,49.7015
1461,0.75,0.25,49.756
1462,0.75,0.3,49.7875
1463,0.75,0.35,49.796
1464,0.75,0.4,49.7815
1465,0.75,0.45,49.744
1466,0.75,0.5,49.6835
1467,0.75,0.55,49.6
1468,0.75,0.6,49.4935
1469,0.75,0.65,49.364
1470,0.75,0.7,49.2115
1471,0.75,0.75,49.036
1472,0.75,0.8,48.8375
1473,0.75,0.85,48.616
1474,0.75,0.9,48.3715
1475,0.75,0.95,48.104
1476,0.75,1,47.8135
1477,0.8,-1,41.296
1478,0.8,-0.95,41.9065
1479,0.8,-0.9,42.494
1480,0.8,-0.85,43.0585
1481,0.8,-0.8,43.6
1482,0.8,-0.75,44.1185
1483,0.8,-0.7,44.614
1484,0.8,-0.65,45.0865
1485,0.8,-0.6,45.536
1486,0.8,-0.55,45.9625
1487,0.8,-0.5,46.366
1488,0.8,-0.45,46.7465
1489,0.8,-0.4,47.104
1490,0.8,-0.35,47.4385
1491,0.8,-0.3,47.75
1492,0.8,-0.25,48.0385
1493,0.8,-0.2,48.304
1494,0.8,-0.15,48.5465
1495,0.8,-0.1,48.766
1496,0.8,-0.05,48.9625
1497,0.8,0,49.136
1498,0.8,0.05,49.2865
1499,0.8,0.1,49.414
1500,0.8,0.15,49.5185
1501,0.8,0.2,49.6
1502,0.8,0.25,49.6585
1503,0.8,0.3,49.694
1504,0.8,0.35,49.7065
1505,0.8,0.4,49.696
1506,0.8,0.45,49.6625
1507,0.8,0.5,49.606
1508,0.8,0.55,49.5265
1509,0.8,0.6,49.424
1510,0.8,0.65,49.2985
1511,0.8,0.7,49.15
1512,0.8,0.75,48.9785
1513,0.8,0.8,48.784
1514,0.8,0.85,48.5665
1515,0.8,0.9,48.326
1516,0.8,0.95,48.0625
1517,0.8,1,47.776
1518,0.85,-1,41.0815
1519,0.85,-0.95,41.696
1520,0.85,-0.9,42.2875
1521,0.85,-0.85,42.856
1522,0.85,-0.8,43.4015
1523,0.85,-0.75,43.924
1524,0.85,-0.7,44.4235
1525,0.85,-0.65,44.9
1526,0.85,-0.6,45.3535
1527,0.85,-0.55,45.784
1528,0.85,-0.5,46.1915
1529,0.85,-0.45,46.576
1530,0.85,-0.4,46.9375
1531,0.85,-0.35,47.276
1532,0.85,-0.3,47.5915
1533,0.85,-0.25,47.884
1534,0.85,-0.2,48.1535
1535,0.85,-0.15,48.4
1536,0.85,-0.1,48.6235
1537,0.85,-0.05,48.824
1538,0.85,0,49.0015
1539,0.85,0.05,49.156
1540,0.85,0.1,49.2875
1541,0.85,0.15,49.396
1542,0.85,0.2,49.4815
1543,0.85,0.25,49.544
1544,0.85,0.3,49.5835
1545,0.85,0.35,49.6
1546,0.85,0.4,49.5935
1547,0.85,0.45,49.564
1548,0.85,0.5,49.5115
1549,0.85,0.55,49.436
1550,0.85,0.6,49.3375
1551,0.85,0.65,49.216
1552,0.85,0.7,49.0715
1553,0.85,0.75,48.904
1554,0.85,0.8,48.7135
1555,0.85,0.85,48.5
1556,0.85,0.9,48.2635
1557,0.85,0.95,48.004
1558,0.85,1,47.7215
1559,0.9,-1,40.85
1560,0.9,-0.95,41.4685
1561,0.9,-0.9,42.064
1562,0.9,-0.85,42.6365
1563,0.9,-0.8,43.186
1564,0.9,-0.75,43.7125
1565,0.9,-0.7,44.216
1566,0.9,-0.65,44.6965
1567,0.9,-0.6,45.154
1568,0.9,-0.55,45.5885
1569,0.9,-0.5,46
1570,0.9,-0.45,46.3885
1571,0.9,-0.4,46.754
1572,0.9,-0.35,47.0965
1573,0.9,-0.3,47.416
1574,0.9,-0.25,47.7125
1575,0.9,-0.2,47.986
1576,0.9,-0.15,48.2365
1577,0.9,-0.1,48.464
1578,0.9,-0.05,48.6685
1579,0.9,0,48.85
1580,0.9,0.05,49.0085
1581,0.9,0.1,49.144
1582,0.9,0.15,49.2565
1583,0.9,0.2,49.346
1584,0.9,0.25,49.4125
1585,0.9,0.3,49.456
1586,0.9,0.35,49.4765
1587,0.9,0.4,49.474
1588,0.9,0.45,49.4485
1589,0.9,0.5,49.4
1590,0.9,0.55,49.3285
1591,0.9,0.6,49.234
1592,0.9,0.65,49.1165
1593,0.9,0.7,48.976
1594,0.9,0.75,48.8125
1595,0.9,0.8,48.626
1596,0.9,0.85,48.4165
1597,0.9,0.9,48.184
1598,0.9,0.95,47.9285
1599,0.9,1,47.65
1600,0.95,-1,40.6015
1601,0.95,-0.95,41.224
1602,0.95,-0.9,41.8235
1603,0.95,-0.85,42.4
1604,0.95,-0.8,42.9535
1605,0.95,-0.75,43.484
1606,0.95,-0.7,43.9915
1607,0.95,-0.65,44.476
1608,0.95,-0.6,44.9375
1609,0.95,-0.55,45.376
1610,0.95,-0.5,45.7915
1611,0.95,-0.45,46.184
1612,0.95,-0.4,46.5535
1613,0.95,-0.35,46.9
1614,0.95,-0.3,47.2235
1615,0.95,-0.25,47.524
1616,0.95,-0.2,47.8015
1617,0.95,-0.15,48.056
1618,0.95,-0.1,48.2875
1619,0.95,-0.05,48.496
1620,0.95,0,48.6815
1621,0.95,0.05,48.844
1622,0.95,0.1,48.9835
1623,0.95,0.15,49.1
1624,0.95,0.2,49.1935
1625,0.95,0.25,49.264
1626,0.95,0.3,49.3115
1627,0.95,0.35,49.336
1628,0.95,0.4,49.3375
1629,0.95,0.45,49.316
1630,0.95,0.5,49.2715
1631,0.95,0.55,49.204
1632,0.95,0.6,49.1135
1633,0.95,0.65,49
1634,0.95,0.7,48.8635
1635,0.95,0.75,48.704
1636,0.95,0.8,48.5215
1637,0.95,0.85,48.316
1638,0.95,0.9,48.0875
1639,0.95,0.95,47.836
1640,0.95,1,47.5615
1641,1,-1,40.336
1642,1,-0.95,40.9625
1643,1,-0.9,41.566
1644,1,-0.85,42.1465
1645,1,-0.8,42.704
1646,1,-0.75,43.2385
1647,1,-0.7,43.75
1648,1,-0.65,44.2385
1649,1,-0.6,44.704
1650,1,-0.55,45.1465
1651,1,-0.5,45.566
1652,1,-0.45,45.9625
1653,1,-0.4,46.336
1654,1,-0.35,46.6865
1655,1,-0.3,47.014
1656,1,-0.25,47.3185
1657,1,-0.2,47.6
1658,1,-0.15,47.8585
1659,1,-0.1,48.094
1660,1,-0.05,48.3065
1661,1,0,48.496
1662,1,0.05,48.6625
1663,1,0.1,48.806
1664,1,0.15,48.9265
1665,1,0.2,49.024
1666,1,0.25,49.0985
1667,1,0.3,49.15
1668,1,0.35,49.1785
1669,1,0.4,49.184
1670,1,0.45,49.1665
1671,1,0.5,49.126
1672,1,0.55,49.0625
1673,1,0.6,48.976
1674,1,0.65,48.8665
1675,1,0.7,48.734
1676,1,0.75,48.5785
1677,1,0.8,48.4
1678,1,0.85,48.1985
1679,1,0.9,47.974
1680,1,0.95,47.7265
1681,1,1,47.456